Type ,Name ,Preparation Time ,Cook Time ,Total Time ,Servings,Ingredients ,Directions 
Mexican ,Slow Cooker Barbacoa ,10 mins,4 hrs, 4 hrs 10 mins,14,"Sauce Mix:  1/3 cup apple cider vinegar, 3 tablespoons lime juice, 4 chipotle peppers in adobo sauce, 4 teaspoons minced garlic, 4 teaspoons ground cumin, 4 teaspoons dried oregano, 1 teaspoon ground black pepper, 1 teaspoon salt, 1/2 teaspoon ground cloves, 1 (4 pound) chuck roast, 3/4 cup chicken broth, 3 bay leaves","Combine vinegar, lime juice, chipotle peppers, garlic, cumin, oregano, black pepper, salt, and cloves in a blender or food processor. Blend the sauce well. Place meat in a slow cooker and pour sauce on top. Add broth and bay leaves. Cover and cook on High for 4 to 6 hours without removing the lid."
Mexican ,Conchas (Sweet Mexican Bread),20 mins,20 mins( additional 1hr 45 mins),2 hrs 25 mins,12,"Bread:  1/2 warm water, 2 1/2 teaspoons yeast, 4 cups all-purpose flour, 1/2 cup evaporated milk, 3/8 cup white sugar, 1/3 cup butter, melted, 1 large egg, 1 teaspoon salt, 1/2 teaspoon ground cinnamon. Topping:     2/3 cup white sugar, 1/2 cup butter, softened, 1 cup all-purpose flour, 2 teaspoons ground cinnamon, 1 teaspoon vanilla extract","All ingredients are gathered to make Conchas. To make the bread: Stir warm water and yeast together in a large bowl; let stand until yeast softens and begins to form a creamy foam, about 5 minutes. Warm water and yeast stirred together in a mixing bowl. Mix in 2 cups flour, milk, sugar, melted butter, egg, and salt until combined. Flour, sugar, milk, melted butter, eggs, and salt mixed in. Gradually mix in the remaining 2 cups of flour and cinnamon until the dough comes together. Flour and cinnamon are gradually mixed in until the dough comes together. Turn dough out onto a floured surface and knead until smooth and elastic, 6 to 8 minutes. Place in a large greased bowl; turn dough to coat. Once kneaded until smooth and elastic, place in a large greased bowl. Cover and let rise in a warm place until doubled, about 1 hour. Dough covered and left to rise until doubled. Meanwhile, make the topping: Beat sugar and butter in a medium bowl with an electric mixer until light and fluffy. Sugar and butter are beaten in a bowl until light and fluffy. Stir in flour until a thick paste forms. Flour stirred in until a thick paste forms. Transfer 1/2 of the paste to a separate bowl. Mix cinnamon into one half and vanilla into the other half. The dough is divided into separate bowls, with cinnamon mixed in one and vanilla in the other. Divide dough into 12 equal pieces. Shape into balls and place 3 inches apart on a greased cookie sheet. Dough shaped into balls and placed on a baking sheet. Divide each bowl of topping into 6 balls; pat flat. Place circles of topping on top of dough balls, patting down lightly. Use a knife to cut grooves in the topping like a seashell. topping placed on each ball and slightly patted down, then grooves cut into each. Cover and let rise until doubled, about 45 minutes. Dough covered and let rise until doubled. Preheat the oven to 375 degrees F (190 degrees C). Bake in the preheated oven until lightly golden brown, about 20 minutes."
Mexican ,Instant Black Beans ,5 mins,35 mins ( additional 10 mins) ,50 mins,7,1 1/4 dry black beans,"Pour beans into a multi-functional pressure cooker (such as Instant Pot). Cover with a few inches of cool water. Close and lock the lid. Select Manual; set timer for 21 minutes on high pressure according to manufacturer's instructions. Allow 10 to 15 minutes for pressure to build. Release pressure using the natural-release method according to the manufacturer's instructions, 10 to 40 minutes. Unlock and remove the lid. Drain beans and let cool."
Mexican ,Albondigas,20 mins ,30 mins ,50 mins,6," Pour beans into a multi-functional pressure cooker (such as Instant Pot). Cover with a few inches of cool water. Close and lock the lid. Select Manual; set timer for 21 minutes on high pressure according to manufacturer's instructions. Allow 10 to 15 minutes for pressure to build. Release pressure using the natural-release method according to the manufacturer's instructions, 10 to 40 minutes. Unlock and remove the lid. Drain beans and let cool.","Bring water, carrots, potatoes, onion, salsa, and bouillon cubes to a boil in a large stockpot. Reduce heat and cook, stirring occasionally, at a medium simmer for 10 minutes. Overhead shot of a pot with broth and vegetables cooking for Albondigas Mix together beef, bread crumbs, and milk in a bowl. Overhead shot of ground meat in a mixing bowl for meatballs. Form into 1-inch meatballs and drop into broth. Bring soup to a boil, then reduce heat to medium-low. Overhead shot of meatballs and vegetables cooking in broth for albondigas soup. Cover and cook until meatballs are no longer pink in the center and vegetables are tender about 20 minutes."
Mexican ,Green Chicken Tamales ,45 mins,1 hr 30 mins (additional 15 mins ),2 hrs 30 mins,35,"1 quart water, 4 carrots, sliced, 2 small potatoes, peeled and diced, 1 medium onion, diced, 1 1/2 cups salsa, medium or hot, 2 beef bouillon cubes, 1 1/2 pounds ground beef, 1/3 cup seasoned dry bread crumbs, 1/3 cup milk, 1 tablespoon chopped fresh cilantro","Step 1. Place corn husks in a bowl, cover with boiling water and soak for 30 to 60 minutes. Drain, place on a work surface, and cover with a clean, damp towel.  Step 2: Place chicken in a pot, season with salt, and cover with water. Bring to a boil over medium-high heat, reduce heat, cover, and simmer until chicken is cooked through, 20 to 25 minutes. Drain chicken and shred with 2 forks. Step 3:  Place tomatillo and serrano peppers in a pot while chicken is cooking, cover with water, and bring to a boil. Cook until tomatillos are soft and have changed color, but are not falling apart, 3 to 5 minutes. Step 4:   Combine tomatillos, serrano peppers, onion, cilantro, and garlic in a blender; blend into a smooth sauce. Step 5:  Heat 1 tablespoon butter in a saucepan over medium heat and add tomatillo sauce. Cook until sauce has slightly thickened, 3 to 5 minutes. Add shredded chicken and season the filling with salt. Step 6:  Beat remaining butter in a large bowl with an electric mixer until creamy. Add chicken broth, masa harina, baking powder, and 1 1/2 teaspoons salt and beat well until combined and the consistency of cookie dough. Test if the masa is ready by dropping a small ball of masa into a glass of cold water; if it floats, it's ready, if not, keep beating for a little longer.  Step 7: Select 1 wide corn husk or 2 small ones. Spread about 2 tablespoons of masa mixture onto the the corn husk, filling it up to 2 inches from the bottom and 1/4 inch from the top. Add 1 tablespoon of filling down the center of the masa mixture. Fold sides of husk together, one over the other. Fold the bottom of the husk over the seam of the 2 folded sides. Repeat with remaining husks. Step 8:  Place a steamer insert into a saucepan and fill with water to just below the bottom of the steamer. Bring water to a boil. Add tamales with the open side up and cook until filling is heated through and separates from the husk, about 1 hour. Let tamales stand for 15 minutes before serving."
Indian ,Chicken Tikka Masala,30 mins ,50 mins (Additional 1hr) ,2 hrs 20 mins,4,"1 cup yogurt, 1 tablespoon lemon juice, 4 teaspoons ground cumin, divided, 1 teaspoon ground cinnamon, 2 teaspoons cayenne pepper, 2 teaspoons freshly ground black pepper, 1 tablespoon minced fresh ginger, 2 teaspoons salt, divided, or more to taste, 3 boneless skinless chicken breasts, cut into bite-size pieces, 4 long skewers, 1 tablespoon butter, 1 clove garlic, minced, 1 jalapeno pepper, finely chopped, 2 teaspoons paprika, 1 (8 ounces) can tomato sauce, 1 cup heavy cream, ¼ cup chopped fresh cilantro","Combine yogurt, lemon juice, 2 teaspoons cumin, cinnamon, cayenne, black pepper, ginger, and 1 teaspoon salt in a large bowl. Overhead of Tikka Masala sauces being whisked together in a bowl. Stir in chicken, cover, and refrigerate for 1 hour. Cuts of chicken covered and marinating in a Tikka Masala mixture in a bowl. Preheat a grill for high heat. Lightly oil the grill grate. Thread chicken onto skewers, and discard marinade. Overhead of two raw chicken skewers sitting in a baking sheet. Grill until juices run clear, about 5 minutes on each side. Two chicken skewers cooking on a grill.  Melt butter in a large heavy skillet over medium heat. Sauté garlic and jalapeño for 1 minute. Season with remaining 2 teaspoons cumin, paprika, and remaining 1 teaspoon salt. Stir in tomato sauce and cream. Simmer on low heat until sauce thickens, about 20 minutes. Overhead of Tikka Masala sauce cooking in a sauce pan. Add grilled chicken, and simmer for 10 minutes. Transfer to a serving platter, and garnish with fresh cilantro. Overhead of grilled chicken cooking in a tikka masala sauce.Serve over rice."
Indian ,Palak Paneer Curry ,15 mins,30 mins,45 mins,2,"5      cups fresh spinach, 4 tablespoons canola oil, divided, 1 teaspoon cumin seeds, 1 onion, chopped, 1 green chile pepper, chopped, 3 cloves garlic, minced, 1 (1/2 inch) piece ginger, minced, 2 tomatoes, diced, ½ cup water, or as needed, 1 teaspoon coriander powder, 1 teaspoon cumin powder, ½ teaspoon red chili powder, ¼ teaspoon turmeric powder, salt to taste, 8 ounces paneer, cubed, ½ teaspoon garam masala, 4 teaspoons heavy cream, 1 pinch red chili flakes","Bring a saucepan of water to a boil. Add spinach and cook for 1 minute. Transfer to a bowl of ice water to keep the spinach bright green. Heat 2 tablespoons oil in a skillet over medium heat. Add cumin seeds to hot oil so they sizzle. Add onion, chili, garlic, and ginger. Cook until the onion is golden brown, 3 to 5 minutes. Add tomatoes and cook until soft, about 2 minutes more. Remove from heat and allow the mixture to cool. Transfer tomato mixture to a blender; add blanched spinach. Blend to a thick, smooth paste; thin with a few teaspoons of water if needed. Heat the remaining oil in the skillet over medium heat. Add coriander, cumin, chili powder, and turmeric. Fry until fragrant, about 1 minute. Add spinach paste and cook over medium-high heat for 2 minutes. Add water and cook for 5 minutes more. Season gravy with salt. Add paneer to the gravy and mix well to coat. Cook 5 minutes more. Add garam masala and cream. Stir and cook over low heat for 2 minutes. Garnish with chili flakes."
Indian ,Tandoori Chicken ,25 mins,20 mins (Additional 6 hrs 20 mins),7 hrs 5 mins,4,"2 pounds chicken, cut into pieces, 1 medium lemon, juiced, 1 teaspoon salt","Gather all the ingredients to make Indian tandoori chicken. Remove and discard skin from chicken pieces. Cut slits into meat and place into a shallow dish. Season chicken on both sides with lemon juice and salt. Let sit for 20 minutes. sliced and seasoned chicken sitting in a baking dish. Mix yogurt, onion, garlic, garam masala, ginger, and cayenne pepper together in a medium bowl until smooth, then stir in food coloring. yogurt mixture ingredients being combined in a small bowl. Spread yogurt mixture over chicken, cover, and refrigerate for 6 to 24 hours (the longer the better). yogurt mixture spread over chicken. When ready to cook, preheat an outdoor grill for medium-high heat and lightly oil the grate. Remove chicken from marinade. Discard remaining marinade. Cook chicken on the preheated grill until no longer pink and the juices run clear. An instant-read thermometer inserted near the bone should read 165 degrees F (74 degrees C). An overhead view of tandoori style bone in chicken being cooked on a hot grill. Garnish with cilantro and lemon wedges. "
Indian ,Easy Naan,20 mins,30 mins( Additional 1 hr 40 mins),2 hrs 30 mins,12,"1 cup warm water, 2 ½ teaspoons active dry yeast, 2 tablespoons sugar, or more to taste, 3 tablespoons milk, 1 egg, beaten, 2 teaspoons salt, or to taste, 5 ½ cups bread flour, or as needed, 2 cloves garlic, minced (Optional), ¼ cup butter, melted","Combine water, yeast, and sugar in a large bowl. Let stand until bubbly and frothy, about 10 minutes. Stir in milk, egg, salt, and enough flour to make a soft dough. Knead dough on a lightly floured surface until smooth, 6 to 8 minutes. Place dough into a well oiled bowl, cover with a damp cloth, and set aside to rise until the dough has doubled in volume, about 1 hour. Punch down dough and knead well. For garlic naan, knead in garlic at this point Pinch off small handfuls of dough about the size of golf balls. Roll into balls, cover with a clean cloth, and allow to rise until doubled in size, about 30 minutes. Set an oven rack about 6 inches from the heat source and preheat the oven's broiler. Roll out 2 balls of dough into elongated ovals. Place on an ungreased baking sheet and cook under the broiler until lightly browned, about 2 minutes. Brush butter on both sides and flip. Continue broiling until the second side is firm and golden, 2 minutes more. Repeat with remaining dough."
Indian ,Easy Vegetarian Kofta Curry,10 mins,25 mins,25 mins,6,"1 tablespoon olive oil, 1 tablespoon butter, 1 teaspoon cumin seeds, 3 green cardamom pods, 2 whole cloves, 1 cinnamon stick, 1 bay leaf, ½ onion, grated, 1 (2 inch) piece ginger root, peeled and grated, 1 clove garlic, crushed, 1 (14.5 ounce) can diced tomatoes, 1 teaspoon ground coriander, ½ teaspoon ground turmeric, ½ teaspoon ground cumin, ½ teaspoon garam masala, ½ teaspoon cayenne pepper (Optional), ½ teaspoon salt, or to taste, ¼ cup whole milk yogurt, 24 frozen meatless vegetable meatballs (such as IKEA's frozen vegetable balls), ¼ cup hot water, or as needed","Heat olive oil and butter in a large saucepan over medium heat. Add cumin seeds, cardamom pods, whole cloves, cinnamon stick, and bay leaf. Cook until spices start to sputter, about 1 minute. Stir in onion, ginger, and garlic. Cook and stir until onion is softened and just starting to brown, about 5 minutes. Stir in diced tomatoes, coriander, turmeric, cumin, garam masala, cayenne, and salt. Bring mixture to a gentle simmer; add yogurt and stir well. Add frozen vegetable balls. Pour in hot water to thin sauce slightly to desired consistency. Bring mixture back to a simmer and cook, covered, until sauce is thickened and vegetable balls are heated through, 10 to 15 minutes. TIPS : The vegetable balls from Ikea are vegan, so you can easily make this a vegan curry by using just oil instead of butter and using coconut cream instead of yogurt. I make this family friendly and less spicy by omitting cayenne pepper. It is still totally delicious."
Thai,Spicy Thai Basil Chicken ,15 mins,10 mins,25 mins,2,"cup chicken broth, 1 tablespoon oyster sauce, 1 tablespoon soy sauce, or as needed, 2 teaspoons fish sauce, 1 teaspoon white sugar, 1 teaspoon brown sugar, 2 tablespoons vegetable oil, 1 pound skinless, boneless chicken thighs, coarsely chopped, 1/4 cup sliced shallots, 4 cloves garlic, minced, 2 tablespoons minced Thai chilies, Serrano, or other hot pepper, 1 cup very thinly sliced fresh basil leaves, 2 cups hot cooked rice","Gather ingredients. A top down view looking at ingredients for spicy basil chicken gathered in small glass bowls on a marble countertop. Whisk chicken broth, oyster sauce, soy sauce, fish sauce, white sugar, and brown sugar together in a bowl until well blended. Heat large skillet over high heat. Drizzle in oil. Add chicken and stir fry until it loses its raw color, 2 to 3 minutes. A chicken being added to a hot skillet; stir fried until cooked through. Stir in shallots, garlic, and sliced chilies. Continue cooking on high heat until some of the juices start to caramelize in the bottom of the pan, about 2 or 3 more minutes. shallots, garlic, and sliced chilies added to chicken being stir fried in a hot skillet. Add about a tablespoon of the sauce mixture to the skillet; cook and stir until sauce begins to caramelize, about 1 minute. A top down view of a tablespoon of sauce being added to a skillet of chicken and vegetables being stir fried. Pour in the rest of the sauce. Cook and stir until sauce has deglazed the bottom of the pan. Continue to cook until sauce glazes onto the meat, 1 or 2 more minutes. Remove from heat. View of spicy chicken stir fry with a bowl of fresh basil waiting to be added.  Stir in basil. Cook and stir until basil is wilted, about 20 seconds. Serve with rice."
Thai,Chicken Satay,25 mins,10 mins (Additional : 2 hrs),2 hrs 35 mins,5,"1/2 cup coconut milk, 1 clove garlic, minced, 1 1/2  teaspoons brown sugar, 1 teaspoon curry powder, ½ teaspoon salt, ½ teaspoon ground black pepper, ¾ pound skinless, boneless chicken breast halves - cut into 1 inch strips, 10 (6 inches) wooden skewers, or as needed, soaked in water for 30 minutes. Peanut Sauce: 1 cup coconut milk, ¾ cup chicken stock, ½ cup creamy peanut butter, ¼ cup brown sugar, 1 tablespoon curry powder, 2 tablespoons lime or lemon juice, 1 teaspoon soy sauce, salt to taste. ","Make the chicken: Whisk coconut milk, garlic, brown sugar, curry powder, salt, and pepper together in a large glass or ceramic bowl. Add chicken and toss to evenly coat. Cover the bowl with plastic wrap and marinate in the refrigerator for at least 2 hours. Preheat an outdoor grill for medium-high heat and lightly oil the grate. Remove chicken from marinade and shake off excess. Thread marinated chicken onto skewers; discard remaining marinade. Make the peanut sauce: Whisk coconut milk, chicken stock, peanut butter, brown sugar, and curry powder together in a saucepan over medium-high heat until simmering. Reduce the heat and simmer, whisking constantly, until smooth and thickened, about 5 minutes. Remove from the heat and stir in lime juice, soy sauce, and salt. While the sauce is coming to a simmer, cook chicken skewers on the preheated grill until no longer pink in the center and the juices run clear, 4 to 5 minutes per side. An instant-read thermometer inserted into the center should read at least 165 degrees F (74 degrees C). Serve skewers with warm peanut sauce."
Thai,Sukhothai Pad Thai ,10 mins,10 mins,30 mins,8,"1/2 cup white sugar, 1/2 cup distilled white vinegar, 1/4 cup soy sauce, 2 tablespoons tamarind pulp, 1 (12 ounces) package dried rice noodles, 1/2  cup vegetable oil, 1 1/2  teaspoons minced garlic, 4 eggs, 1 (12 ounces) package firm tofu, cut into 1/2 inch strips, 1 1/2  tablespoons white sugar,1 1/2 teaspoons salt, 1 1/2 cups ground peanuts, 1 1/2 teaspoons ground, dried oriental radish, 1/2 cup chopped fresh chives, 1 tablespoon paprika, 2 cups fresh bean sprouts, 1 lime, cut into wedges. ","To prepare pad thai sauce: In a medium saucepan over medium heat, blend sugar, vinegar, soy sauce, and tamarind pulp. To make pad thai: Soak rice noodles in cold water until soft; drain. In a large skillet or wok over medium heat, warm oil and add garlic and eggs; scramble eggs. Add tofu and stir until well mixed; add noodles and stir until cooked. Stir in pad Thai sauce, 1 1/2 tablespoons sugar, and 1 1/2 teaspoons salt. Stir in peanuts and ground radish. Remove from heat and add chives and paprika. Serve with lime and bean sprouts on the side. "
Thai, Thai -style Tilapia ,15 mins,20 mins,35 mins,4,"1/2 cup coconut milk,6 whole almonds, 2 tablespoons chopped white onion, 1 teaspoon ground ginger, 1/2 teaspoon ground turmeric, 1 teaspoon chopped fresh lemon grass, 1/4 teaspoon salt, 4 (4 ounce) fillets tilapia, salt and pepper to taste,1/2 teaspoon red pepper flakes, or to taste","In a food processor or blender, combine the coconut milk, almonds, onion, ginger, turmeric, lemon grass, and 1/4 teaspoon of salt. Process until smooth. Heat a large non-stick skillet over medium-high heat. Season the fish fillets with salt and pepper on both sides, then place them skin-side up in the skillet. Pour the pureed sauce over the fish. Use a spatula to coat the fish evenly with the sauce. Sprinkle with red pepper flakes. Reduce heat to medium, cover, and simmer for about 15 minutes, until the puree is thickened and fish flakes easily with a fork."
Thai, Thai-style Shrimp ,10 mins,20 mins,30 mins,4,"4 cloves garlic, peeled, 1 (1 inch) piece fresh ginger root, 1 fresh jalapeno pepper, seeded, ½ teaspoon salt, ½ teaspoon ground turmeric, 2 tablespoons vegetable oi, 1 medium onion, diced, 1 pound medium shrimp - peeled and deveined, 2 tomatoes, seeded and diced, 1 cup coconut milk, 3 tablespoons chopped fresh basil leaves","Combine the garlic, ginger, jalapeno, salt and turmeric in the container of a food processor or blender. Process to a smooth paste. Set aside. Heat oil in a skillet over medium heat. Add onion, and cook until translucent, stirring frequently. Mix in the spice paste, and cook for a few minutes to release the oils. Add shrimp, and cook for a few minutes until pink, then add the tomatoes and coconut milk. Cover, and simmer for about 5 minutes, then remove the lid and simmer an additional 5 minutes to thicken the sauce. Stir in the fresh basil during the last minute of cooking."
Chinese,Pork Dumplings ,20 mins,1 hr,1 hr 20 mins,5,"Dipping Sauce: ½ cup soy sauce, 1 tablespoon seasoned rice vinegar, 1 tablespoon finely chopped Chinese chives, 1 tablespoon sesame seeds, 1 teaspoon chile-garlic sauce (such as Sriracha) . Dumplings: 1 pound ground pork, 3 cloves garlic, minced, 1 large egg, beaten, 2 tablespoons finely chopped Chinese chives, 2 tablespoons soy sauce, 1 ½ tablespoons sesame oil, 1 tablespoon minced fresh ginger, 50 dumpling wrappers, ½ cup vegetable oil for frying, or as needed. ","Prepare dipping sauce: Combine soy sauce, rice vinegar, chives, sesame seeds, and chile sauce in a small bowl. Set aside. Dumpling dipping sauce being whisked together in a glass bowl.  Prepare dumplings: Mix pork, garlic, egg, chives, soy sauce, sesame oil, and ginger in a large bowl until thoroughly combined. Place a dumpling wrapper on a lightly floured work surface and spoon about 1 tablespoon of the filling in the middle.  Wet the edge with a little water and crimp together forming small pleats to seal the dumpling. Repeat to form remaining dumplings. Heat 1 to 2 tablespoons vegetable oil in a large skillet over medium-high heat. Place 8 to 10 dumplings in the pan and cook until browned, about 2 minutes per side. Pour in 1 cup of water; cover and cook until the dumplings are tender and pork is cooked through, about 5 minutes. Repeat to cook remaining dumplings, adding more oil and water for each batch. Serve dumplings with dipping sauce."
Chinese,Corn Soup ,5 mins,10 mins,15 mins,4,"1 (15 ounce) can cream style corn, 1 (14.5 ounce) can low-sodium chicken broth, 1 tablespoon cornstarch, 2 tablespoons water, 1 large egg, beaten","Combine corn and chicken broth in a saucepan. Bring to a boil over medium-high heat. Mix together cornstarch and water in a small bowl or cup; pour into the boiling corn soup, and continue cooking for about 2 minutes, or until thickened. Gradually add beaten egg while stirring the soup. Remove from heat and serve."
Chinese,Pepper Streak ,15 mins,15 mins,30 mins,4,"1 pound beef top sirloin steak, ¼ cup soy sauce, 2 tablespoons white sugar, 2 tablespoons cornstarch, ½ teaspoon ground ginger, 3 tablespoons vegetable oil, divided, 1 red onion, cut into 1-inch squares, 1 green bell pepper, cut into 1-inch squares, 2 tomatoes, cut into wedges","Slice steak into 1/2-inch thick slices across the grain. Whisk together soy sauce, sugar, cornstarch, and ginger in a bowl until the sugar has dissolved and the mixture is smooth. Place steak slices into the marinade, and stir until well-coated. Heat 1 tablespoon vegetable oil in a wok or large skillet over medium-high heat, and cook steak strips in batches in hot oil so as not to crowd the pan. Cook and stir until well-browned, about 3 minutes, and remove steak from the wok to a bowl. Repeat with remaining steak, adding more oil as needed, and set the cooked meat aside. Return cooked steak strips to the hot wok, and stir in onion. Toss steak and onion together until onion begins to soften, about 2 minutes, then stir in green pepper. Cook and stir the mixture until peppers have turned bright green and started to become tender, about 2 minutes more, then add tomatoes.  Stir everything together to mix and blend flavors, and serve."
Chinese, Chicken Wings ,5 mins,1 hr 5 mins (Additional: 8 hrs),9 hrs 10 mins,12,"2 cups soy sauce, 2 cups brown sugar, 2 tablespoons garlic powder, 5 pounds chicken wings, split and tips discarded","Stir together soy sauce, brown sugar, and garlic powder in a saucepan over medium heat. Cook and stir until sugar has dissolved. Remove from heat and allow to cool. Place chicken wings in a large bowl. Pour soy sauce mixture over wings and toss to coat evenly. Cover the bowl with plastic wrap. Allow chicken to marinate in the refrigerator for 8 hours to overnight. Preheat the oven to 350 degrees F (175 degrees C). Pour chicken wings and marinade into a 9x13-inch baking dish. Cover the baking dish with aluminum foil. Bake in the preheated oven until thoroughly hot, about 45 minutes. Remove foil and bake for 15 more minutes. Serve hot."
Chinese,Easy fried noodles ,15 mins,25 mins,40 mins,6,"2 (3 ounce) packages soy sauce-flavored ramen noodles with seasoning packets, 2 tablespoons vegetable oil, divided, 3 large eggs, beaten, 2 teaspoons vegetable oil, divided, 4 green onions, thinly sliced, 1 small carrot, peeled and grated, ½ cup green peas, ¼ cup red bell pepper, minced, 2 tablespoons sesame oil, 1 teaspoon sesame oil, or to taste, 1 teaspoon soy sauce, or to taste","Bring a medium pot of water to a boil. Cook ramen noodles, reserving seasoning packets, in boiling water until softened, about 3 minutes. Drain noodles and set aside. Heat 1 tablespoon vegetable oil in a small skillet. Cook and stir beaten eggs in hot oil until scrambled and firm. Set aside. Heat 1 teaspoon vegetable oil in a large skillet over medium heat. Cook and stir green onions in hot oil until softened, 2 to 3 minutes. Remove green onions to a plate; set aside. Heat remaining 1 teaspoon vegetable oil in the same skillet over medium heat. Cook and stir carrots, peas, and bell pepper separately until softened, removing each to the plate with green onions when done. Combine 2 tablespoons sesame oil with remaining 1 tablespoon vegetable oil in the same large skillet or a wok over medium heat. Fry cooked noodles in hot sesame-vegetable oil, tossing frequently, until golden, 3 to 5 minutes. Season with desired amounts of sesame oil, soy sauce, and reserved ramen seasoning packets; toss to coat. Stir in cooked vegetables, tossing frequently, until heated through, about 5 more minutes."
Japanese,Chicken Yakitori,10 mins,15 mins (Additional: 15 mins),40 mins,4,"10 wooden skewers, 4 skinless, boneless chicken thighs, cut into 1-inch cubes, 4 scallions, sliced into 1-inch pieces, ½ cup sake, ½ cup soy sauce, 3 tablespoons mirin, 2 tablespoons white sugar, 1 teaspoon vegetable oil, or to taste","Soak 10 wooden skewers in cold water for 15 minutes. Thread chicken pieces onto the soaked skewers, alternating with scallions. Combine sake, soy sauce, mirin, and sugar in a small saucepan and bring to a boil. Reduce heat and simmer for 5 minutes. Reserve 1/2 of the sauce for dipping. Heat a grill pan over high heat and lightly brush with vegetable oil. Add skewers and cook until chicken is no longer pink in the center, basting frequently with 1/2 of the sauce, 7 to 10 minutes per side"
Japanese,Deep Fried Shrimp ,10 mins,15 mins,25 mins,4,"1 pound medium shrimp, peeled (tails left on) and deveined, ½ teaspoon salt, ½ teaspoon ground black pepper, ½ teaspoon garlic powder, 1 cup all-purpose flour, 1 teaspoon paprika, 2 large eggs, beaten, 1 cup panko crumbs, 1 quart vegetable oil for frying","Place shrimp in a bowl and season with salt, pepper, and garlic powder. Mix flour and paprika together in a shallow bowl. Place eggs in a second bowl and panko in a third bowl. Heat oil in a deep fryer or deep skillet to 375 degrees F (190 degrees C). Dip each shrimp into flour mixture, then into egg, and finally into panko crumbs to coat. Fry a few shrimp at a time in the hot oil until golden brown, about 5 minutes. Remove with a slotted spoon and drain on paper towels before serving."
Japanese,Pork Gyoza, 1 hr,8 mins,1 hr 8 mins,6,"12 ounces ground pork, ¼ head cabbage, shredded, 1 egg, 2 spring onions, sliced, 1 tablespoon soy sauce, 2 teaspoons sake, 2 teaspoons mirin, 2 teaspoons minced fresh ginger root, 40 gyoza wrappers, or as needed, 2 tablespoons vegetable oil, ½ cup water. Sauce: ¼ cup rice wine vinegar, ¼ cup soy sauce","Combine ground pork, cabbage, egg, spring onions, 1 tablespoon soy sauce, sake, mirin, and ginger in a large bowl; mix well. Place approximately 1 to 2 teaspoons of the pork mixture in the center of each gyoza wrapper. Moisten your fingers with water and rub around the edges of each wrapper. Fold wrappers in half over filling, creating a semi circle. Take one side of the wrapper and make crimps along the edges for a decorative pattern (like pleats of a skirt) and press along the edges to seal the two sides together. Ensure there isn't much excess air caught inside the dumpling. Repeat until all the pork mixture is used.Heat vegetable oil in a large skillet over medium-high heat. Place as many gyoza in the skillet as fit in a single layer and fry until the bottom is browned, about 3 to 5 minutes. Add water to skillet and reduce heat. Cover and allow gyoza to steam until all the water has evaporated, about 5 minutes. Repeat with the remaining gyoza. Mix rice vinegar and soy sauce together for a dipping sauce and serve with the gyoza."
Japanese,Tsukune (MeatBalls),30 mins,12 mins,42 mins,8,"1 teaspoon vegetable oil, 1 teaspoon minced ginger, 1 teaspoon minced garlic, ¼ cup tamari, ¼ cup cooking sake, ¼ cup mirin, 2 tablespoons brown sugar, 1 teaspoon sesame seeds. Meatballs: 10 ½ ounces ground chicken, 1 egg, 3 green onions, chopped, ½ carrot, grated, ¼ cup panko bread crumbs, or to taste, 2 tablespoons red miso paste, or more to taste, 2 tablespoons grated ginger, 1 tablespoon potato starch, 1 tablespoon crumbled seaweed, 1 tablespoon tamari, or more to taste, 1 tablespoon cooking sake, or more to taste, 1 teaspoon soy sauce, 1 teaspoon white sugar, or more to taste, 1 teaspoon ground paprika, or more to taste.","Heat oil in a small pot over low heat. Add 1 teaspoon ginger and garlic; cook and stir until slightly browned, about 2 minutes. Stir in 1/4 cup tamari, 1/4 cup sake, mirin, brown sugar, and sesame seeds; simmer until glaze is slightly thickened, about 5 minutes. Combine ground chicken, egg, green onions, carrot, bread crumbs, miso, 2 tablespoons ginger, potato starch, seaweed, 1 tablespoon tamari, 1 tablespoon sake, soy sauce, white sugar, and paprika in a large bowl; mix well into a thick paste, at least 5 minutes. Preheat grill for medium heat and lightly oil the grate. Roll ground chicken mixture into balls the size of your palm. Flatten them slightly into patties. Grill until well-browned, 3 to 4 minutes. Flip and continue grilling until browned on the second side, 2 to 3 minutes. An instant-read thermometer inserted into the center should read at least 165 degrees F (74 degrees C). Brush glaze over meatballs before serving."
Japanese,Japanese Agedashi Tofu ,10 mins,5 mins,30 mins,4,"1 (10.5 ounce) package firm silken tofu, 2 cups water, 2 tablespoons light soy sauce, 2 tablespoons mirin, 1 teaspoon dashi granules, ¼ cup all-purpose flour, or as needed, vegetable oil for frying, 2 green onions, chopped","Place the block of tofu between sheets of paper towels. Set a plate on top; add a 3- to 5-pound weight to the plate. Press tofu for 15 minutes; drain and discard the accumulated liquid. Meanwhile, combine water, soy sauce, mirin, and dashi in a saucepan. Bring to a boil over medium heat. Remove from heat and set aside. Remove weight, plate, and paper towels. Cut tofu into 3/4-inch cubes. Place flour in a bowl and lightly coat tofu with flour. Heat oil in a heavy pot and fry tofu until golden-brown, 4 to 6 minutes. Fry in batches if necessary so as not to overcrowd the pot. Place fried tofu in a serving dish and pour sauce on top. Sprinkle with green onions."
American,Tater Tot Casseroles,25 mins ,45 mins,1 hr 10 mins,6,"3/4 pound bulk hot Italian sausage, 3/4 pound lean ground beef (90% lean), 1 small onion, chopped, 2 cans (10-1/2 ounces each) condensed cream of celery soup, undiluted, 2 cups frozen cut green beans, thawed, 1 can (15-1/4 ounces) whole kernel corn, drained, 2 cups shredded, Colby-Monterey Jack cheese, divided, 1/2 cup 2% milk, 1 teaspoon garlic powder, 1/4 teaspoon seasoned salt, 1/4 to 1/2 teaspoon cayenne pepper, 1 package (32 ounces) frozen Tater Tots","In a Dutch oven, cook the sausage, beef and onion over medium heat until meat is no longer pink; drain. Add the soup, beans, corn, 1 cup cheese, milk, garlic powder, seasoned salt and cayenne. Transfer to 2 greased 11x7-in. baking dishes. Top with Tater Tots; sprinkle with remaining 1 cup cheese. Cover and freeze 1 casserole for up to 3 months. Cover and bake the remaining casserole at 350° for 40 minutes. Uncover and bake until bubbly, 5-10 minutes longer.To use frozen casserole: Thaw in the refrigerator overnight. Remove from the refrigerator 30 minutes before baking. Cover and bake at 350° for 50 minutes. Uncover and bake until bubbly, 5-10 minutes longer."
American,Macaroni & Cheese,20 mins,35 mins,55 mins,6,"2 cups uncooked elbow macaroni, 1/2 cup butter, cubed, 1/2 cup all-purpose flour, 1-1/2 to 2 cups 2% milk, 1 cup sour cream, 8 ounces cubed Velveeta, 1/4 cup grated Parmesan cheese, 1/2 teaspoon salt, 1/2 teaspoon ground mustard, 1/2 teaspoon pepper, 2 cups shredded cheddar cheese","Cook macaroni according to package directions. Meanwhile, preheat oven to 350°. In a large saucepan, melt butter. Stir in flour until smooth. Gradually add 1-1/2 cups milk. Bring to a boil; cook and stir 2 minutes or until thickened. Reduce heat; stir in sour cream, Velveeta, Parmesan cheese, salt, mustard and pepper until smooth and cheese is melted. Add more milk to reach desired consistency. Drain macaroni; toss with cheddar cheese. Transfer to a greased 3-qt. baking dish. Stir in cream sauce. Bake, uncovered, 35-40 minutes or until golden brown and bubbly."
American,Sticky Honey Chicken Wings,25 mins,30 mins,55 mins ,3,"1/2 cup orange blossom honey, 1/3 cup white vinegar, 2 tablespoons paprika, 2 teaspoons salt, 1 teaspoon pepper, 4 pounds of chicken wings","In a small bowl, combine honey, vinegar, paprika, salt and pepper. Cut through the 2 wing joints with a sharp knife, discarding wing tips. Add remaining wing pieces and honey mixture to a large bowl; stir to coat. Cover and refrigerate 4 hours or overnight. Preheat oven to 375°. Remove wings; reserve honey mixture. Place wings on greased 15x10x1-in. baking pans. Bake until juices run clear, about 30 minutes, turning halfway through. Meanwhile, place reserved honey mixture in a small saucepan. Bring to a boil; cook 1 minute. Remove wings from oven; preheat broiler. Place wings on a greased rack in a broiler pan; brush with honey mixture. Broil 4-5 in. from heat until crispy, 3-5 minutes. Serve with remaining honey mixture."
American, Honey Glazed Turkey,25 mins,3 hr 45 mins,4 hr 10 mins ,20,"1 turkey (14 to 16 pounds), 1/2 cup honey, 1/2 cup Dijon mustard, 1-1/2 teaspoons dried rosemary, crushed, 1 teaspoon onion powder, 1/2 teaspoon salt,1/4 teaspoon garlic powder, 1/4 teaspoon pepper stuffing:1/2 cup butter, cubed, 2 cups chopped onion, 1-1/2 cups chopped celery, 12 cups unseasoned stuffing cubes or dry bread cubes, 1 tablespoon poultry seasoning, 2 teaspoons chicken bouillon granules, 1 teaspoon pepper, 1 teaspoon dried rosemary, crushed, 1 teaspoon lemon-pepper seasoning, 3/4 teaspoon salt, 3-1/4 to 3-3/4 cups boiling water","Preheat oven to 325°. Place turkey on a rack in a shallow roasting pan, breast side up. Tuck wings under turkey; tie drumsticks together. Bake for 2 hours. In a small bowl, mix glaze ingredients; brush over turkey. Bake 1-3/4 to 2-1/4 hours longer or until a thermometer inserted in thickest part of thigh reads 170°-175°. Baste occasionally with pan drippings. (Cover loosely with foil if turkey browns too quickly.)For stuffing, in a Dutch oven, heat butter over medium-high heat. Add onion and celery; cook and stir until tender. Add stuffing cubes and seasonings; toss to combine. Stir in enough boiling water to reach desired moistness; transfer to a greased 13x9-in. baking dish. Bake, covered, for 1 hour. Uncover and bake until lightly browned, 10-15 minutes longer. Remove turkey from oven; cover loosely with foil and let stand 15 minutes before carving. If desired, skim fat and thicken pan drippings for gravy."
American,Texas-Style Beef Brisket,25 mins ,6 hr 30 mins ,6 hr 55 mins ,12,"3 tablespoons Worcestershire sauce, 1 tablespoon chili powder, 2 garlic cloves, minced, 1 teaspoon celery salt, 1 teaspoon pepper, 1 teaspoon liquid smoke, optional, 1 fresh beef brisket (6 pounds), 1/2 cup beef broth, 2 bay leaves, barbecue sauce:  1 medium onion, chopped, 2 tablespoons canola oil, 2 garlic cloves, minced, 1 cup ketchup, 1/2 cup molasses, 1/4 cup cider vinegar, 2 teaspoons chili powder1/2 teaspoon ground mustard. ","In a large bowl or shallow dish, combine the Worcestershire sauce, chili powder, garlic, celery salt, pepper and, if desired, liquid smoke. Cut brisket in half; add to bowl and turn to coat. Cover and refrigerate overnight. Transfer beef to a 5- or 6-qt. slow cooker; add broth and bay leaves. Cover and cook on low for 6-8 hours or until meat is tender. For sauce, in a small saucepan, saute onion in oil until tender. Add garlic; cook 1 minute longer. Stir in the remaining ingredients; heat through. Remove brisket from the slow cooker; discard bay leaves. Place 1 cup cooking juices in a measuring cup; skim fat. Discard remaining juices. Add reserved juices to the barbecue sauce. Return brisket to the slow cooker; top with sauce mixture. Cover and cook on high for 30 minutes to allow flavors to blend. Thinly slice beef across the grain; serve with sauce."
Italian ,Baked Ziti with Sausage ,20 mins,40 mins ,1 hr ,8,"cooking spray, 1 (16 ounce) package dry ziti pasta, 1 pound mild Italian sausage, 1 (15 ounce) container ricotta cheese, 1 large yellow onion, minced, 1 large egg, 2 teaspoons minced garlic, 1 teaspoon dried oregano, ½ teaspoon salt, ½ teaspoon ground black pepper,1 ½ (26 ounce) jars spaghetti sauce, divided, 1 (8 ounce) package shredded Italian cheese blend, 1 teaspoon dried basil (Optional)","Preheat the oven to 350 degrees F (175 degrees C). Grease a 9x13-inch baking dish. Bring a large pot of lightly salted water to a rolling boil over high heat. Stir in ziti and return to a boil. Cook pasta uncovered, stirring occasionally, until cooked through but still firm to the bite, about 8 minutes. Drain well. While pasta is cooking, heat a large skillet over medium heat. Add sausage; cook and stir until brown, about 10 minutes. Drain sausage and set aside. Stir together ricotta, onion, egg, garlic, and oregano in a large bowl until well combined. Stir in pasta, sausage, salt, pepper, and the half jar of spaghetti sauce; mix well. Cover the bottom of the prepared baking dish with 1/3 of the full jar spaghetti sauce. Layer with 1/2 of the pasta mixture, 1/2 of the remaining spaghetti sauce, and 1/2 of the shredded cheese. Repeat layers once more using remaining pasta, sauce, and cheese. Sprinkle basil over top and cover the dish tightly with aluminum foil. Bake in the preheated oven until heated through, about 20 minutes. Uncover; return to the oven and bake until cheese is melted, 5 to 10 more minutes."
Italian ,Pasta Fazool ,10 mins ,25 mins ,35 mins ,2,"1 tablespoon olive oil, 12 ounces sweet bulk Italian sausage, 1 stalk celery, diced, ½ yellow onion, chopped, ¾ cup dry elbow macaroni, ¼ cup tomato paste, 3 cups chicken broth, or more as needed, divided, ¼ teaspoon crushed red pepper flakes, or to taste, ¼ teaspoon dried oregano, Salt and freshly ground black pepper to taste, 3 cups chopped Swiss chard, 1 (15 ounce) can cannellini (white kidney) beans, drained, ¼ cup grated Parmigiano-Reggiano cheese, plus additional for serving, or to taste","Heat oil in a skillet over medium-high heat. Cook and stir sausage in the hot skillet until browned and crumbly, about 5 minutes. Reduce heat to medium. Add diced celery and chopped onion. Cook until onions are translucent, 4 to 5 minutes. Add dry pasta; cook and stir for 2 minutes. Stir in tomato paste until evenly distributed, 2 to 3 minutes. Pour in 3 cups broth; increase heat to high and bring to a boil. Stir in red pepper flakes, oregano, salt, and pepper. Reduce heat to medium and let simmer, stirring often, for about 5 minutes. Add more broth if needed. Place chopped chard in a bowl. Cover with cold water and rinse leaves; any grit will fall to the bottom of the bowl. Transfer chard to a colander to drain briefly; add to soup. Cook and stir until leaves wilt, 2 to 3 minutes. Stir in white beans; continue cooking and stirring until pasta is tender, 4 to 5 minutes. Remove from heat and stir in grated cheese. Serve topped with additional grated cheese."
Italian ,Beefy Baked Ravioli ,20 mins ,30 mins ,50 mins ,6,"1 pound ground beef, ½ (25 ounce) package frozen cheese ravioli, 1 (14 ounce) jar spaghetti sauce, 1 (14.5 ounce) can diced tomatoes, drained, 1 cup shredded mozzarella cheese, 1 cup shredded Monterey Jack cheese, 1 tablespoon grated Parmesan cheese","Preheat the oven to 450 degrees F (230 degrees C). Crumble the ground beef into a large skillet over medium-high heat. Cook and stir until no longer pink. Drain grease, then stir in the spaghetti sauce and tomatoes. Spread 1/3 of the sauce in the bottom of an 11x7 inch baking dish. Arrange 1/2 of the ravioli over the sauce. Sprinkle 1/2 of the mozzarella cheese and 1/2 of the Monterey Jack cheese over the ravioli. Repeat layers, ending with the last of the sauce on top. Cover with aluminum foil. Bake for 30 minutes in the preheated oven. Sprinkle Parmesan cheese over the top before serving."
Italian ,Tuscan Fish stew ,25 mins ,25 mins ,50 mins ,2,"3 cups cherry tomatoes, halved, 1 cup clam juice, 4 tablespoons olive oil, divided, ¼ cup sliced green onions, 4 cloves garlic, sliced, 1 anchovy fillet, 2 pinches red pepper flakes, 12 ounces halibut, cut into 2-inch pieces, 1 pound shrimp, peeled and deveined, salt to taste, 1 tablespoon chopped fresh parsley, ½ tablespoon chopped fresh basil, ½ tablespoon chopped fresh oregano, 1 pinch minced fresh rosemary","Puree cherry tomatoes and clam juice in a blender until smooth. Press mixture through a fine-mesh strainer into a bowl. Combine 3 tablespoons olive oil, green onions, garlic, anchovy, and 1 pinch red pepper flakes in a cold plan. Place over medium heat. Cook and stir until garlic and onions just start to soften, about 3 minutes. Stir in the tomato mixture. Bring to a simmer over medium-high heat. Reduce heat to medium and simmer stew until color deepens, about 10 minutes. Add halibut and shrimp to the stew. Season with salt. Increase heat to high. Cover pan and cook until fish flakes easily with a fork, about 5 minutes. Stir in parsley, basil, oregano, and rosemary. Pour stew into a warm bowl. Drizzle in remaining olive oil and sprinkle 1 pinch red pepper flakes on top. Serve with crusty bread."
Italian ,Authentic Tortellini Soup,10 mins ,40 mins ,50 mins ,10,"2 (49.5 fluid ounce) cans chicken broth, divided, 1 (20 ounce) package cheese tortellini, 1 teaspoon olive oil, 1 (12 ounce) package mild Italian sausage, 1 small onion, chopped, 2 tablespoons minced garlic, 2 tablespoons Italian seasoning, 1 (28 ounce) can tomato puree, 1 bunch fresh spinach, chopped","Pour 1 can broth into a small saucepan and add tortellini; bring to a boil. Cook tortellini until tender yet firm to the bite, about 5 minutes. Heat oil in a large stockpot over medium heat; cook and stir sausage, onion, garlic, and Italian seasoning until sausage is browned and crumbly, 5 to 10 minutes. Add tortellini-broth mixture, remaining can of broth, tomato puree, and spinach to sausage mixture; cover stockpot and simmer until flavors blend, about 30 minutes."
